scans,data_type,Modality_label,Comments
AXIAL3DT1FastSPGR,anat,axT1fse,多gd?
SAGITAL3DT1,anat,sagT1fse,
sag3dt1,anat,sagT1fse,
AXIAL3DT1FSPGR8C5CM,anat,axT1GR,
CORANGIO,anat,PDT2,
Ph1CORANGIO,anat,PDT3,
3DTOF,anat,PDT4,
unknown,anat,PDT5,
SAGGR3DT1,anat,sagT1GR,
Ax3DSWAN,anat,PDT2,T2*->swan
AAHead_Scout,anat,sagT1w,
NAVEGADORBRAVOCIRUGIA,anat,PDT2,
NAVEGADORBRAVO,anat,PDT2,
AX3DFSPGRFAME2MINUTOS,anat,axPDT2Flair,
SagFLAIRCUBEcte,anat,sagPDT2Flair,
SAG3DT2CUBE,anat,PDT2,T2
3DFLAIRSAGITAL,anat,PDT2Flair,
Ax3DFSPGRFAME,anat,PDT2Flair,
SAGFSPGRBRAVOC,anat,PDT2,
AXIAL3DBRAVONAVEGADORCTE,anat,axT1IR,多GR?
AXT13D,anat,axT1w,
t1_fl3d_VIBE_3D,anat,axT1GR,
AXIAL3DC,anat,axPDT2w,t1
SagFLAIRCUBE13,anat,sagT1Flair,
SAGFSPGRBRAVO,anat,sagT1w,
COR3DT1jcmm,anat,corT1w,
CGREPERFUSION,perfusion,PDT2,
SAGFSPGRBRAVO,anat,sagT1w,
AXIAL3DISO,anat,axT1IR,
AX3DFSPGR2FAME,anat,axPDT2IR,t1
s3DI_MC_HR,anat,PDT2,skull section
AxFSPGR3DC,anat,axT1w,high skull ajustment
ax3Dnavegador,anat,axPDT2w,t1
SagCUBET2,anat,sagPDT2w,T2
AXI3DVIBEXA8C,anat,axPDT2IR,t1
AXIAL3DT1NAVEGACIONVACIO,anat,axT1w,
SagFLAIRCUBE,anat,sagPDT2Flair,
AXT1FSPGR3DNAVEGADOR,anat,axT1w,t1
COR3DFSPGRT1NUEVO,anat,PDT2,skull section
NEURONAVSENSE,anat,axPDT2,t1
ax3dt1,anat,axT1w,
sDWSSh,anat,PDT2,dwi
SagCUBEFLAIRT2cte,anat,sagPDT2Flair,t2 
SAGFSPGRBRAVOC,anat,sagT1w,
AXIAL3DT1IR,anat,axT1IR,
CALIBASSETPURE,anat,PDT2,solo 40 cortes
Ax3DFSPGR,anat,axT1w,
AXIALFSPGR3D,anat,axT1w,
PERFUSION,perfusion,PDT2,
3DTOF3SLABWILLIS,anat,PDT2,skull section
3dTOF,anat,PDT2,angio
AXTENSOR32,anat,PDT1,solo 40 cortes
unknown,anat,PDT2,
FUNCIONAL,anat,PDT3,solo 40 cortes
FSPGRBRAVONAVEGADOR,anat,axPDT4w,t1
SagT2CUBE,anat,sagPDT5w,t2 
SagCUBEFLAIRT2,anat,sagPDT6Flair,t2
AXIALT13d,anat,axT1w,
SagCUBEFLAIRFSOK,anat,sagPDT2Flair,
AX3DT1SPGRS,anat,axT1w,
AX3DT1SPGRS,anat,axT1w,
AXIAL3DTOFENHANCED,anat,PDT2,
PERFUSIONCEREBRAL,perfusion,PDT2,
AXIAL,anat,axT1w,多gado?
PERFUSIONCONTRASTE,perfusion,PDT2,
CORONAL,anat,corPDT2,t1
AXFAME,anat,PDT2,skull section
AAHead_Scout,anat,sagT1w,
AX3DT110MIN,anat,axT1w,t1
T13DTRA,anat,axT1w,多gado?
3DTOFMTFS,anat,axPDT2,
CAROTIDAS,anat,PDT3,
t1FS_vibe_tra_GD,anat,PDT4,
AXIAL3DTOF,anat,PDT5,
NEURONAVEGADOR,anat,PDT6,
OPCSAGVENOSO,anat,PDT7,
SagCUBEFLAIROK,anat,PDT8,
CORFSPGR3D,anat,PDT9,
FSPGRBRAVO,anat,PDT10,
SAGSENOS,anat,PDT11,
sT1W_3D_FFEPROSET,anat,PDT12,
T13DCOR,anat,PDT13,
3DTOF,anat,PDT14,
Ax3DFSPGRT1GD,anat,PDT15,
AXIAL,anat,PDT16,
CORONAL,anat,PDT17,
VsT1W_3D_FFEPROSETSENSE,anat,PDT18,
ax3DT1CERVICAL,anat,PDT19,
SAGFSPGR3D,anat,PDT20,
TOF3DPOLIGONO1BLOQUE,anat,PDT21,
ToF3Dmultislab,anat,PDT22,
AX3Dcerebral,anat,PDT23,
AXIAL3DTOFWILLIS,anat,PDT24,
ASSETCal,anat,PDT25,
AX3Dcervicalt1,anat,PDT26,
Ax3DFSPGRT1,anat,PDT27,
COR3DT1NIOS,anat,PDT28,
SmartBrain,anat,PDT29,
AX3DCEREBRALcte,anat,PDT30,
Ph1TSAGADOMULTIFASE,anat,PDT31,
TSAGADOMULTIFASE,anat,PDT32,
Ph2TSAGADOMULTIFASE,anat,PDT33,
SWANgreSWI,anat,PDT34,
Ax3DFIESTA,anat,PDT35,
NEURONAVSINGD,anat,PDT36,
fl3d_ce_cor,anat,PDT37,
CorceMRAFTelliptic,anat,PDT38,
DIFUSION,dwi,PDT39,
Ph1CorceMRAFTelliptic,anat,PDT40,
t1_mprage_sag_p2_iso_10,anat,PDT41,
3DTOFMTout,anat,PDT42,
Ax3DFSPGRFAME,anat,PDT43,
Ax3DTOF,anat,PDT44,
AXIAL3DT1,anat,PDT45,
carotidas,anat,PDT46,
cor3dt1,anat,PDT47,
CORT1BRAVO,anat,PDT48,
OAxdynEPISEEPI,anat,PDT49,
SagCUBET1,anat,PDT50,
SagCUBET1,anat,PDT51,
sT1W_3D_TFE,anat,PDT52,
3D_Brain_VIEW_FLAIR,anat,PDT53,
ax3DT1CTECEREBRAL,anat,PDT54,
AXI3DT1GD,anat,PDT55,
carotidasmascara,anat,PDT56,
PERFUSIONCONTRASTE,perfusion,PDT57,
RegDWIHRSENSE,dwi,PDT58,
SAGVENOSO,anat,PDT59,
FIESTAC,anat,PDT60,
VASCCAROTIDAS,anat,PDT61,
coronal,anat,PDT62,
NEURONAVEGADOR,anat,PDT63,
Sag3DT2FlairCube,anat,PDT64,
Sagittal3DT1,anat,PDT65,
ax3DT1CEREBRAL,anat,PDT66,
AXIAL3DISOGD,anat,PDT67,
AXT1FSPGR3DNAVEGADORASSET,anat,PDT68,
DIFUSION,dwi,PDT69,
Ob_Ax_SI_Average_sp14_th14,anat,PDT70,
Ob_Cor_AP_Average_sp102_th102,anat,PDT71,
Ob_Sag_RL_Average_sp102_th102,anat,PDT72,
sagital,anat,PDT73,
SAGVENOSO,anat,PDT74,
SWANCEREBRAL,anat,PDT75,
ARTERIALFL3D_TT10s_SUB,anat,PDT76,
Ax3DFIESTA,anat,PDT77,
AXI3DT1,anat,PDT78,
AXIALFSPGR3Dcerebral,anat,PDT79,
COR3DEPILEPSIAIR,anat,PDT80,
CORANGIO,anat,PDT81,
MultiPlanarReconstructionMPROb_Ax_SI_Average_sp12_th,anat,PDT82,
MultiPlanarReconstructionMPROb_Cor_AP_Average_sp12_th,anat,PDT83,
SagCUBEFLAIRFSOK,anat,PDT84,
3DAXISENOARTERIALANEUINTRA,anat,PDT85,
AXI3DT1FSPGR8C5CM,anat,PDT86,
3DTOF3SLABWILLIS,anat,PDT87,
AAHead_Scout,anat,PDT88,
Ax3DTOF1slab,anat,PDT89,
AXIAL3DNAVEGACION,anat,PDT90,
MPROb_Cor_AP_Average_sp094_th094,anat,PDT91,
TENSORASSET,anat,PDT92,
3D_Brain_View_FLAIR_SHC,anat,PDT93,
3DFIESTAC,anat,PDT94,
3DSagittalT1Global,anat,PDT95,
ARTERIALFL3D_TT10s,anat,PDT96,
Ax3DFIESTAC,anat,PDT97,
AX3DT1SPGRS,anat,PDT98,
AXIAL3DT1,anat,PDT99,
AXIAL3DT1GD,anat,PDT100,
AXIAL3DT1NAVVACIO,anat,PDT101,
CORT2TODALACABEZA,anat,PDT102,
fl3d_ce_cor_SUB,anat,PDT103,
LOCTOF2D,anat,PDT104,
MASCARAFL3D_TT10s,anat,PDT105,
MPROb_Ax_SI_Average_sp10_th10,anat,PDT106,
MPRRango,anat,PDT107,
NEURON1mm,anat,PDT108,
s3DI_MC_HR,anat,PDT109,
SAGITAL3DVENOSO_TT10s,anat,PDT110,
SmartBrain,anat,PDT111,
3DNEURONAVEGADOR,anat,PDT112,
Ax3DNAVEGACIONSINCTE,anat,PDT113,
AX3DT1dorsal,anat,PDT114,
AXFSPGR3D12C,anat,PDT115,
AXIAL3DT1FastSPGR,anat,PDT116,
AXIALFSPGR3Dcte,anat,PDT117,
COR3DCAROTIDAS,anat,PDT118,
DWIHR,dwi,PDT119,
MPROb_Ax_SI_Average_sp094_th094,anat,PDT120,
MPROb_Sag_RL_Average_sp081_th081,anat,PDT121,
NAVEGADOR,anat,PDT122,
OblT13DFAT,anat,PDT123,
Ph1CORANGIO,anat,PDT124,
RegDWIHRSENSE,dwi,PDT125,
RegDWIHRSENSE,dwi,PDT126,
s3DI_MC_HR,anat,PDT127,
sagFIESTAC,anat,PDT128,
3DNEURONAVEGADOR,anat,PDT129,
ANGIOTSAMultiphase,anat,PDT130,
Ax3DFIESTAC,anat,PDT131,
AX3DT1cervicalcte,anat,PDT132,
AXFAMEcte,anat,PDT133,
AXFIESTA,anat,PDT134,
AxFSPGRBRAVO,anat,PDT135,
AXI3DVIBE,anat,PDT136,
AXIALVIBEFSDINAMICO,anat,PDT137,
AXSWAN,anat,PDT138,
CORIRT13D,anat,PDT139,
FSPGR3DAXIAL,anat,PDT140,
rsfMRIsequence,anat,PDT141,
SAGBRAVO,anat,PDT142,
SAGITALFLAIRCUBE13,anat,PDT143,
3DAXISENOMASCARAANEUINTRA,anat,PDT144,
AXFAMEISOtropico,anat,PDT145,
AxFSPGR3DC,anat,PDT146,
AXIt1_fl3d_VIBE_3D,anat,PDT147,
COR3DFSPGREPILEPSIA,anat,PDT148,
ep2d_diff_mddw_12,anat,PDT149,
MPROb_Cor_AP_Average_sp081_th081,anat,PDT150,
MPRRango1,anat,PDT151,
MultiPlanarReconstructionMPROb_Ax_SI_Average_sp098_th,anat,PDT152,
MultiPlanarReconstructionMPROb_Cor_AP_Average_sp098_t,anat,PDT153,
spc_tra_IR,anat,PDT154,
Ax3DFSPGRT1VACIO,anat,PDT155,
AX3DT1MOROxAXT1,anat,PDT156,
AxFSPGR3D,anat,PDT157,
AxFSPGRBRAVO,anat,PDT158,
AXIAL3DT1NAVEGACIONVACIO,anat,PDT159,
DWI,dwi,PDT160,
SAG3DFIESTA,anat,PDT161,
SAGT1MPRAGE,anat,PDT162,
SAGTRIDT1,anat,PDT163,
t1_mprage_sag_p2_iso_10,anat,PDT164,
unknown,anat,PDT165,
V3D_Brain_VIEW_FLAIRSENSE,anat,PDT166,
VASCCAROTIDAS_SUB,anat,PDT167,
3D_Brain_VIEW_FLAIROPCIONAL,anat,PDT168,
3D_FLAIR,anat,PDT169,
3DAXISENOVENOSOANEUINTRA,anat,PDT170,
3DFLAIRCOR,anat,PDT171,
3DSENOMASCARAANEUINTRA,anat,PDT172,
3DSENOSVENCONTRAS,anat,PDT173,
AXFAMEGD,anat,PDT174,
AxFSPGR3DC1,anat,PDT175,
AXIAL3DT1NAVEGACION,anat,PDT176,
AXIALDWI3,dwi,PDT177,
AXIALFLAIRCUBET2,anat,PDT178,
AXIALFSPGRBRAVO,anat,PDT179,
COROCUBEFLAIRT2,anat,PDT180,
FTPh1TSAGADOMULTIFASE,anat,PDT181,
NEURONAVSENSE,anat,PDT182,
PERFUSIONGRADIENTE,perfusion,PDT183,
SAGflujoantiguo,anat,PDT184,
SAGITAL3DT1gd,anat,PDT185,
SAGITALT1,anat,PDT186,
SAGSENOSVENOSOS,anat,PDT187,
sDWSSh,anat,PDT188,
unknown,anat,PDT189,
unknown,anat,PDT190,
3D_FLAIR,anat,PDT191,
3DSAGSENOARTERIAL,anat,PDT192,
3DSAGSENOVENOSOANEUINTRA,anat,PDT193,
3DSENOARTERIALANEUINTRA,anat,PDT194,
Ax3DNAVEGACION,anat,PDT195,
AXIAL3DT1,anat,PDT196,
AXIAL3DT1FSPGRGD,anat,PDT197,
axialFIESTAC,anat,PDT198,
AxLAVAXV,anat,PDT199,
AXT1FSPGR3DNAVEGADORsinasset,anat,PDT200,
COR3DCAROTIDAS_SUB,anat,PDT201,
CORFSPGR3D,anat,PDT202,
coronalt1,anat,PDT203,
MultiPlanarReconstructionMPROb_Ax_SI_Average_sp098_th,anat,PDT204,
RegDWISENSE,dwi,PDT205,
s3DI_MC_HRSENSE,anat,PDT206,
SAGFSPGRBRAVOGD,anat,PDT207,
SAGITAL3DT1IPAT,anat,PDT208,
V3D_Brain_VIEW_FLAIROPCIONALSENSE,anat,PDT209,
VASCSENOS,anat,PDT210,
VSAGTRIDT1CLEAR,anat,PDT211,
VSAGTRIDT1sagSENSE,anat,PDT212,
3D_T1,anat,T1,
3D_T1,anat,T1,
3D_HiResSENSE,anat,PDT2,
3DFIESTAAXIAL,anat,PDT3,
3DSAGSENOMASCARA,anat,PDT4,
3DSENOVENOSOANEUINTRA,anat,PDT5,
AX3DFSPGRISOTROPFAME,anat,PDT6,
AX3DT1dorsalcte,anat,PDT7,
AxFSPGR3D,anat,PDT8,
axialt1,anat,PDT9,
AXIALT2CISS_iso_06,anat,PDT10,
AXIALVIBEFSDINAMICO_SUB,anat,PDT11,
AXIALVIBEFSVACIO,anat,PDT12,
axT1,anat,PDT13,
corT1,anat,PDT14,
DWSSh1000,anat,PDT15,
FIESTA,anat,PDT16,
MultiPlanarReconstructionMPROb_Cor_AP_Average_sp098_t,anat,PDT17,
s3DI_MC_HR,anat,PDT18,
SAG3DT1,anat,PDT19,
sagcubeflair,anat,PDT20,
SagCubeFLAIRfatsat,anat,PDT21,
SAGITALVOLUMETRICOT1PAT,anat,PDT22,
SAGT1isotropico,anat,PDT23,
SWAN,anat,PDT24,
VASCAXIAL3D2FASES,anat,PDT25,
WILLIS,anat,PDT26,
3D_FLAIR,anat,PDT27,
3DFSPGRC,anat,PDT28,
Ax3D,anat,PDT29,
AX3DT1FSPGR8C5CM,anat,PDT30,
AXDIFUSION_b50_400_800_p2_TRACEW,dwi,PDT31,
AxDWIb800,dwi,PDT32,
AxFAME,anat,PDT33,
AXFAMEc,anat,PDT34,
AxFSPGRBRAVOCAIS,anat,PDT35,
AXI3DFIESTAC,anat,PDT36,
AXI3DTOF,anat,PDT37,
AXIAL3DT1FSPGR,anat,PDT38,
AXIAL3DVIBEGD,anat,PDT39,
AXIALFSPGRBRAVOC,anat,PDT40,
AXIALT13dCEREBRAL,anat,PDT41,
AXIALT1VIBE_p2,anat,PDT42,
AXIALT2FRFSEXL20,anat,PDT43,
AXLAVADINAMICO,anat,PDT44,
AxLAVAMULTIFASE,anat,PDT45,
AXLAVATARDIA,anat,PDT46,
AXT1SPGR,anat,PDT47,
AXT1SPGRC,anat,PDT48,
Calib,anat,PDT49,
COR3DT1,anat,PDT50,
Cor3DT1SPGRS,anat,PDT51,
CORT1SPGR,anat,PDT52,
CORT1SPGRC,anat,PDT53,
DIFUSION,dwi,PDT54,
DTI,anat,PDT55,
MPROb_Cor_AP_Average_sp075_th075,anat,PDT56,
MPROb_Sag_RL_Average_sp075_th075,anat,PDT57,
MultiPlanarReconstructionMPROb_Ax_SI_Average_sp12_th,anat,PDT58,
MultiPlanarReconstructionMPROb_Cor_AP_Average_sp094_t,anat,PDT59,
MultiPlanarReconstructionMPROb_Sag_RL_Average_sp094_t,anat,PDT60,
NAVEGACION,anat,PDT61,
NEURONAVEGADOR,anat,PDT62,
OAxPWGREEPI10CORTES,anat,PDT63,
Ph1AXLAVADINAMICO,anat,PDT64,
Ph1TSAGADOMULTIFASE,anat,PDT65,
Ph2AXLAVADINAMICO,anat,PDT66,
Ph2TSAGADOMULTIFASE,anat,PDT67,
Ph3AXLAVADINAMICO,anat,PDT68,
RegDIFUSIONSENSE,dwi,PDT69,
s3D_SENOSVEN,anat,PDT70,
SAG3DFSPGR,anat,PDT71,
SAG3DSPGRT1,anat,PDT72,
SAG3DSPGRT1C,anat,PDT73,
SagCUBET1FS,anat,PDT74,
SagCUBET2,anat,PDT75,
SAGFSPGR3D,anat,PDT76,
SAGFSPGRBRAVOGD,anat,PDT77,
SagInHance3DVelocity,anat,PDT78,
SAGMPRAGE,anat,PDT79,
SAGTRIDT1sag,anat,PDT80,
SmartBrain,anat,PDT81,
sT1W_3D_TFE,anat,PDT82,
SWI,anat,PDT83,
t1_vibe_dixon_cor_caipi5_bh_288_F,anat,PDT84,
t1_vibe_dixon_cor_caipi5_bh_288_in,anat,PDT85,
t1_vibe_dixon_cor_caipi5_bh_288_opp,anat,PDT86,
t1_vibe_dixon_cor_caipi5_bh_288_W,anat,PDT87,
TSA,anat,PDT88,
TSAGADOMULTIFASE,anat,PDT89,
VASCANEURISMAART,anat,PDT90,
VASCANEURISMAMASCARA,anat,PDT91,
VASCANEURISMAVEN,anat,PDT92,
VASCAXIALANEUALOS30seg,anat,PDT93,
VASCAXIALANEURIMASCARA,anat,PDT94,
VASCAXIALANEURIS2FASE,anat,PDT95,
Vasculararterial,anat,PDT96,
Vascularmascara,anat,PDT97,
Vascularvenoso,anat,PDT98,
3D_T1,anat,T1,
3D_Brain_VIEW_FLAIR_Tra,anat,PDT2,
3DCoronalT1,anat,PDT3,
3DFIESTA,anat,PDT4,
3DMRCPRTrASSET,anat,PDT5,
3DSAGSENOSVENOSOS,anat,PDT6,
3DSAGVENOSOSENSE,anat,PDT7,
3DT1Volumetric,anat,PDT8,
3DTOFMEJORADO,anat,PDT9,
3DTOFMTFS,anat,PDT10,
ANGIOTSAFT,anat,PDT11,
ANGIOVENOSATRA,anat,PDT12,
Ax3DFAME,anat,PDT13,
Ax3DFSPGRFAMECTE,anat,PDT14,
AX3DGDALOS30SEG,anat,PDT15,
Ax3DSPGRT1FATSAT,anat,PDT16,
Ax3DSWAN,anat,PDT17,
Ax3DSWANFM,anat,PDT18,
AX3DT1SPGRSCIV,anat,PDT19,
AX3DVIBE,anat,PDT20,
AXDIR,anat,PDT21,
AXDPTODALACABEZA,anat,PDT22,
AXFLAIR,anat,PDT23,
AXFSPGR3DC12,anat,PDT24,
AxFSPGRBRAVOC,anat,PDT25,
AXIAL3DFIESTA,anat,PDT26,
AXIAL3DISO,anat,PDT27,
AXIAL3DT1FSPGR8C5CMGD,anat,PDT28,
AXIAL3DT1VACIO,anat,PDT29,
AXIAL3DVIBE,anat,PDT30,
AXIALCUBET1,anat,PDT31,
AXIALDIFUSION_TRACEW,dwi,PDT32,
AXIALFAME,anat,PDT33,
AXIALNAVEGADOR3DISO,anat,PDT34,
AXIALT13dcerebralcte,anat,PDT35,
AXIALT13dcerebralGD,anat,PDT36,
AXIALT1VIBE_p2GD,anat,PDT37,
AXIALVIBEFSTARDIO,anat,PDT38,
AxLAVAXVCTE,anat,PDT39,
AXSPGR,anat,PDT40,
AXT13Dcerebralcte,anat,PDT41,
AXT1FSPGR3D,anat,PDT42,
AXT2TODALACABEZA,anat,PDT43,
CALIBASSETPURE,anat,PDT44,
CORDIR,anat,PDT45,
CORFLAIR,anat,PDT46,
CORFLAIR,anat,PDT47,
CORONAL3DT1OBLICUOEPILEPSIA,anat,PDT48,
CORONALANGIOFLUORO,anat,PDT49,
CORONALBRAVOC,anat,PDT50,
CORONALCUBET1,anat,PDT51,
CORONALREF,anat,PDT52,
DWI,dwi,PDT53,
FATCORLAVATARDIO,anat,PDT54,
fl3d_ce_cor,anat,PDT55,
FSPGR3Dsaghead,anat,PDT56,
FSPGRBRAVOgd,anat,PDT57,
FSPGRNAVEGADOR,anat,PDT58,
MASCARA,anat,PDT59,
MPROb_Ax_IS_Average_sp30_th30,anat,PDT60,
MPROb_Ax_SI_Average_sp081_th081,anat,PDT61,
MPROb_Cor_AP_Average_sp10_th10,anat,PDT62,
MPROb_Cor_AP_Average_sp30_th30,anat,PDT63,
MPROb_Sag_RL_Average_sp094_th094,anat,PDT64,
MPROb_Sag_RL_Average_sp22_th22,anat,PDT65,
MultiPlanarReconstructionMPROb_Ax_IS_Average_sp30_th,anat,PDT66,
MultiPlanarReconstructionMPROb_Cor_AP_Average_sp30_th,anat,PDT67,
NEURCIRUJIA,anat,PDT68,
NEURONAVEGADOR,anat,PDT69,
OblT13DFATc,anat,PDT70,
PERFUCONTR8mlA5mls,perfusion,PDT71,
Ph1ANGIOTSAFT,anat,PDT72,
Ph1AxLAVAMULTIFASE,anat,PDT73,
Ph1AxLAVAXV,anat,PDT74,
Ph2ANGIOTSAFT,anat,PDT75,
Ph2AxLAVAMULTIFASE,anat,PDT76,
Ph3AxLAVAMULTIFASE,anat,PDT77,
Ph4AxLAVAMULTIFASE,anat,PDT78,
RegDIFUSIONSENSE,dwi,PDT79,
RegDWIHRSENSE,dwi,PDT80,
RegDWISENSE,dwi,PDT81,
SAGBRAVOCRANEOC,anat,PDT82,
SagCUBEDIRWMNull,anat,PDT83,
SagCUBEFLAIRFSC,anat,PDT84,
SagCUBEflairPRUEBA,anat,PDT85,
SagCUBET1,anat,PDT86,
SagCUBET1C,anat,PDT87,
SAGFIESTA,anat,PDT88,
SagFLAIRCUBEfatsat,anat,PDT89,
SAGflujo,anat,PDT90,
SAGFSPGR3D,anat,PDT91,
SAGFSPGR3D22,anat,PDT92,
SAGITAL3DT1,anat,PDT93,
SAGITAL3DT1IPAT,anat,PDT94,
SAGITALCUBET1,anat,PDT95,
SAGITALIRT1,anat,PDT96,
SagSENOSGD,anat,PDT97,
SagT2Cube3D,anat,PDT98,
SagT2FLAIRCube3D,anat,PDT99,
SmartBrain,anat,PDT100,
spc_tra_IR,anat,PDT101,
SPGR,anat,PDT102,
sT1W_3D_TFE,anat,PDT103,
SUB_S15S13_1,anat,PDT104,
SUSCEPTIBILIDADSWIHR,anat,PDT105,
t1_mprage_AXIAL_p2_iso_10,anat,PDT106,
t1FS_vibe_tra_,anat,PDT107,
T1W3DGADO,anat,PDT108,
t2_spc_dafl_sag_flair,anat,PDT109,
t2_spc_tra_p2_iso_06,anat,PDT110,
THRIVETARDIO,anat,PDT111,
TOF,anat,PDT112,
TOF3DPOLIGONOIPAT,anat,PDT113,
VASCANEURISMA,anat,PDT114,
VASCANEURISMAAXIAL3D,anat,PDT115,
VASCAXANEURISMAVEN,anat,PDT116,
VASCAXIALALOS30SEG,anat,PDT117,
VEN_BOLD,anat,PDT118,
VSAGTRIDT1SENSE,anat,PDT119,
WATERCORLAVATARDIO,anat,PDT120,
3D_T1_TSE,anat,T1fse,
3D_T1,anat,T1,
1,52831316215283E+017,anat,PDT2,
1,61181114616118E+017,anat,PDT3,
1,73031114617303E+017,anat,PDT4,
1,78410112017849E+018,anat,PDT5,
1,84421314618442E+017,anat,PDT6,
1,84721201118472E+019,anat,PDT7,
1,8503111248185E+020,anat,PDT8,
1,85381201118538E+019,anat,PDT9,
1,88381101118838E+019,anat,PDT10,
1,88771001118877E+019,anat,PDT11,
1,88771002118877E+019,anat,PDT12,
1,90021201119002E+019,anat,PDT13,
1,90961301119096E+019,anat,PDT14,
1,90961601119096E+019,anat,PDT15,
1,91162501119116E+019,anat,PDT16,
1,92471001119247E+019,anat,PDT17,
1,92841101119284E+019,anat,PDT18,
1,93511301119351E+019,anat,PDT19,
1,93671701119367E+019,anat,PDT20,
1,96021901119602E+019,anat,PDT21,
1,96021902119602E+019,anat,PDT22,
1,96021903119602E+019,anat,PDT23,
1,96021904119602E+019,anat,PDT24,
1,96321201119632E+019,anat,PDT25,
1,98431001119843E+019,anat,PDT26,
1,99159121219915E+019,anat,PDT27,
111311111113191,anat,PDT28,
126481011264891,anat,PDT29,
127281011272891,anat,PDT30,
12911611291151,anat,PDT31,
133551011335591,anat,PDT32,
139571011395791,anat,PDT33,
146371011463791,anat,PDT34,
158041011580491,anat,PDT35,
15907911590771,anat,PDT36,
159641021596482,anat,PDT37,
170371111703791,anat,PDT38,
1763091781763091,anat,PDT39,
187101011871091,anat,PDT40,
188961111889691,anat,PDT41,
1999112119991111,anat,PDT42,
2,08371701120837E+019,anat,PDT43,
2,08371702120837E+019,anat,PDT44,
2,08371703120837E+019,anat,PDT45,
2,08371704120837E+019,anat,PDT46,
2,0910120112091E+019,anat,PDT47,
2,0910160112091E+019,anat,PDT48,
2,09191201120919E+019,anat,PDT49,
2,10611112122106E+020,anat,PDT50,
2,11261001121126E+019,anat,PDT51,
2,11261002121126E+019,anat,PDT52,
2,11571101121157E+019,anat,PDT53,
2,11711001121171E+019,anat,PDT54,
2,11961001121196E+019,anat,PDT55,
2,13331901121333E+019,anat,PDT56,
2,13331902121333E+019,anat,PDT57,
2,13331903121333E+019,anat,PDT58,
2,15981401121598E+019,anat,PDT59,
2,16041201121604E+019,anat,PDT60,
2,18581201121858E+019,anat,PDT61,
2,19191001121919E+019,anat,PDT62,
2,38421016223842E+017,anat,PDT63,
2,45991020224599E+017,anat,PDT64,
2,46311315424631E+017,anat,PDT65,
2,50691411202507E+020,anat,PDT66,
2,59761001125976E+019,anat,PDT67,
2,6210100112621E+019,anat,PDT68,
2,71111201127111E+019,anat,PDT69,
2,72171011322722E+020,anat,PDT70,
2,75221001127522E+019,anat,PDT71,
2,7750121452775E+019,anat,PDT72,
2,79241401127924E+019,anat,PDT73,
2026412120264111,anat,PDT74,
20844912084481,anat,PDT75,
218651012186581,anat,PDT76,
22191112219101,anat,PDT77,
22580912258071,anat,PDT78,
2265781622265781,anat,PDT79,
26862912686281,anat,PDT80,
2690914226909102,anat,PDT81,
2690915226909102,anat,PDT82,
2886913128869111,anat,PDT83,
28940912894051,anat,PDT84,
2D_BOLUSTRAK,anat,PDT85,
2DTOFCOR,anat,PDT86,
3,31061116331041E+017,anat,PDT87,
3025211130252101,anat,PDT88,
3037711130377101,anat,PDT89,
3094615130946131,anat,PDT90,
312171013121791,anat,PDT91,
3207915132079111,anat,PDT92,
336871013368791,anat,PDT93,
337371013373791,anat,PDT94,
3472912134729111,anat,PDT95,
362321013623291,anat,PDT96,
366191113661991,anat,PDT97,
36999913699981,anat,PDT98,
377371013773791,anat,PDT99,
3D_FLAIR,anat,PDT100,
3D_FLAIR_SHC,anat,PDT101,
3D_PCA_SAG,anat,PDT102,
3D3DSAGSENOVENOSO,anat,PDT103,
3DART,anat,PDT104,
3DAXISENOARTERIAL,anat,PDT105,
3DAXISENOVENOSO,anat,PDT106,
3DFIESTACAXIAL,anat,PDT107,
3DI_MC,anat,PDT108,
3DI_MC_HR,anat,PDT109,
3DMASCARA,anat,PDT110,
3DMRCPBHAsset,anat,PDT111,
3DNEURONAVEGADOR,anat,PDT112,
3DNEURONAVEGADOR,anat,PDT113,
3DNEURONAVEGADOR,anat,PDT114,
3DSAGSENOVENOSO,anat,PDT115,
3DSagT1CUBE,anat,PDT116,
3DSagT2CUBE,anat,PDT117,
3DSagT2CUBEFLAIR,anat,PDT118,
3DSagT2CUBEFLAIRFS,anat,PDT119,
3DSagT2CUBEFLAIRPROMOFS,anat,PDT120,
3DSENOVENOSO,anat,PDT121,
3DT1FSPGRAXIAL,anat,PDT122,
3DTOF1blockMagTransfer,anat,PDT123,
3DTOF1SLABASSET,anat,PDT124,
3DTOF1VOLUMEN,anat,PDT125,
3DTOF2SLABFSMTASSET,anat,PDT126,
3DTOFASSET,anat,PDT127,
3DTOFC,anat,PDT128,
3dTOFGD,anat,PDT129,
3DTOFSPGR1slH,anat,PDT130,
3DVEN,anat,PDT131,
3DVENASTRA,anat,PDT132,
5,98121120598111E+017,anat,PDT133,
6,55161116655911E+016,anat,PDT134,
8,28131108828111E+017,anat,PDT135,
AAHead_Scout,anat,PDT136,
ANGIOTSATRACKER,anat,PDT137,
AortaCEMRA,anat,PDT138,
Ax3DC2C6,anat,PDT139,
ax3ddorsal,anat,PDT140,
Ax3DFIESTACAIS,anat,PDT141,
Ax3DFIESTACAIS,anat,PDT142,
Ax3DFIESTACIAC,anat,PDT143,
Ax3DFIESTATRIGEMINO,anat,PDT144,
Ax3DFSPGR,anat,PDT145,
Ax3DFSPGRFAMECAISGD,anat,PDT146,
Ax3DFSPGRFAMECAISVACIO,anat,PDT147,
Ax3DFSPGRFAMEGADO,anat,PDT148,
Ax3DFSPGRFAMEGD,anat,PDT149,
Ax3DFSPGRGAD,anat,PDT150,
AX3DFSPGRISOTROPFAME,anat,PDT151,
Ax3DFSPGRT1GADOLINIO,anat,PDT152,
AX3DFSPGRT1NUEVOGD,anat,PDT153,
Ax3dinfs,anat,PDT154,
Ax3DISOTROPICO,anat,PDT155,
Ax3DNAVEGACIONNARIZOREJAS,anat,PDT156,
Ax3DSPGRT1FATSATGD,anat,PDT157,
AX3DT1,anat,PDT158,
Ax3DT1BRAVO,anat,PDT159,
ax3DT1CEREBRALcte,anat,PDT160,
AX3DT1GD10MIN,anat,PDT161,
AX3DT1LUMBAR,anat,PDT162,
AX3DT1NAVEGADORSINGADO,anat,PDT163,
AX3DT1SPGRS,anat,PDT164,
AX3DT2,anat,PDT165,
Ax3DTOF1slabFAST,anat,PDT166,
AX3DVIBEGD,anat,PDT167,
AXBRAVO3D,anat,PDT168,
AxCUBET1,anat,PDT169,
AxCUBET1C,anat,PDT170,
AxCubeT2,anat,PDT171,
AxCubeT2,anat,PDT172,
axdorsall3dt1cte,anat,PDT173,
AxDWIMultibValue,dwi,PDT174,
AxFAMEBH,anat,PDT175,
AxFAMEc,anat,PDT176,
AXFAMEcteisotropico,anat,PDT177,
AXFAMEGADO,anat,PDT178,
AxFAMEgd,anat,PDT179,
AXFAMEISOCTE,anat,PDT180,
AXFAMEorbitascte,anat,PDT181,
AXFAMEpelvis,anat,PDT182,
AxFSPGR3DC1,anat,PDT183,
AXFSPGR3DC12,anat,PDT184,
AxFSPGR3DESTRICTO,anat,PDT185,
AxFSPGR3DSINASSETC,anat,PDT186,
AxFSPGRBRAVO,anat,PDT187,
AxFSPGRBRAVOgado,anat,PDT188,
AXGFSPGRBRAVO,anat,PDT189,
AxGR3DT1,anat,PDT190,
AXI3DFIESTA,anat,PDT191,
AXI3DVIBEGD,anat,PDT192,
AXI3DVIBEXA8CGD,anat,PDT193,
AXI3DVIBEXA8CVACIO,anat,PDT194,
AXIAL,anat,PDT195,
AXIAL,anat,PDT196,
AXIAL3D,anat,PDT197,
AXIAL3DBRAVONAVEGADOR,anat,PDT198,
AXIAL3DCTE,anat,PDT199,
AXIAL3dFiesta,anat,PDT200,
AXIAL3DREFORMAT,anat,PDT201,
AXIAL3DT1CONTRASTE,anat,PDT202,
AXIAL3DT1FSPGR8C5CM,anat,PDT203,
AXIAL3DT1IRCTE,anat,PDT204,
AXIAL3DTOFCAROTIDAS,anat,PDT205,
AXIAL3DTOFCTE,anat,PDT206,
AXIAL3DTOFENHANCED,anat,PDT207,
AXIAL3DTOFWILLISCTE,anat,PDT208,
AXIAL3DVIBEVACO,anat,PDT209,
AXIALFLAIR,anat,PDT210,
AXIALFLAIR,anat,PDT211,
AXIALFLAIR3D,anat,PDT212,
AXIALLAVA,anat,PDT213,
AXIALLAVAMultiphase,anat,PDT214,
AXIALNAVEGADOR3DISO,anat,PDT215,
AXIALT1,anat,PDT216,
AXIALT13mm,anat,PDT217,
AXIT13DFSGD,anat,PDT218,
AXLAVA,anat,PDT219,
AXLAVAabdomen,anat,PDT220,
AxLAVATARDIO,anat,PDT221,
AxLAVAXVtardio,anat,PDT222,
AXSPGR,anat,PDT223,
AXSPGRC,anat,PDT224,
AXT13Dceebral,anat,PDT225,
AXT13Dcerebral,anat,PDT226,
AxT13DFSPGR,anat,PDT227,
AxT13DFSPGR,anat,PDT228,
AxT13DfSPGR,anat,PDT229,
AxT13DFSPGRGd,anat,PDT230,
AxT13DSPGR,anat,PDT231,
AXT1BRAVO,anat,PDT232,
AXT1SPGRS,anat,PDT233,
AXTENSOR32B1000,anat,PDT234,
Batch1,anat,PDT235,
Batch2,anat,PDT236,
carotidasVENOSO,anat,PDT237,
CO3DT1,anat,PDT238,
coornal,anat,PDT239,
COR3DFIESTA,anat,PDT240,
cor3DFSPGRFAME,anat,PDT241,
cor3DFSPGRFAMEGADO,anat,PDT242,
COR3DFSPGRISOTROPFAME,anat,PDT243,
CorceMRAFTelliptic,anat,PDT244,
corCUBEFLAIRFSOK,anat,PDT245,
corCUBET2,anat,PDT246,
CORFAME,anat,PDT247,
CORFSPGRBRAVO,anat,PDT248,
CorInhance3DVelocity,anat,PDT249,
corLAVAXV,anat,PDT250,
cornal,anat,PDT251,
CORONAL,anat,PDT252,
CORONAL3DT1,anat,PDT253,
CORONAL3DT1EPILEPSIA,anat,PDT254,
CORONAL3DT2FS,anat,PDT255,
CoronalFAMEcontraste,anat,PDT256,
CORONALFLAIR,anat,PDT257,
CORONALFLAIR,anat,PDT258,
CORONALIRT1,anat,PDT259,
CORONALREFORMAT,anat,PDT260,
CORONALSWAN,anat,PDT261,
CORONALT1,anat,PDT262,
CORONALT13mm,anat,PDT263,
CorT13DSPGR,anat,PDT264,
cort1FSPGR3DNAVEGADOR,anat,PDT265,
corVIBEFScte,anat,PDT266,
cotronal,anat,PDT267,
DIFFUSIONB1000,dwi,PDT268,
DIFUSION,dwi,PDT269,
DIFUSIONADC,dwi,PDT270,
dir_spc_sag_esclerosismultiple,anat,PDT271,
DTI12Directions,anat,PDT272,
DWSSH,anat,PDT273,
DYNAMICSENSE,anat,PDT274,
EFGRE3DAXIALt1,anat,PDT275,
EFGRE3DAXIALt1GD,anat,PDT276,
EFGRE3DSAGITALt1,anat,PDT277,
EFGRE3DSAGITALt1GD,anat,PDT278,
EFGRE3DSAGT1,anat,PDT279,
EFGRE3DSAGT1GD,anat,PDT280,
EPIDIFUSIONTRA,dwi,PDT281,
EPIDIFUSIONTRA3mm,dwi,PDT282,
eTHRIVETARDIO,anat,PDT283,
eTHRIVETARDIO,anat,PDT284,
FastSPGR,anat,PDT285,
FastSPGR,anat,PDT286,
FIESTAAX,anat,PDT287,
FIESTACCERVICAL,anat,PDT288,
FIESTACDORSAL,anat,PDT289,
FIESTACLUMBAR,anat,PDT290,
FIESTACRAICES,anat,PDT291,
FIESTACSAGITALDORSAL,anat,PDT292,
FIESTAD,anat,PDT293,
fl3d_ce_cor_SUB,anat,PDT294,
FLASCAxFSPGR3D,anat,PDT295,
FLUJOSAGITAL,anat,PDT296,
FSPGR3Dsag,anat,PDT297,
MAVs_VEN_BOLD_HR,anat,PDT298,
MPRAGE,anat,PDT299,
mpraxlobtemp,anat,PDT300,
mprcorlobtemp,anat,PDT301,
MPROb_Ax_SI_Average_sp102_th102,anat,PDT302,
MPROb_Ax_SI_Average_sp109_th109,anat,PDT303,
MPROb_Cor_AP_Average_sp102_th102,anat,PDT304,
MPRRango2,anat,PDT305,
MultiPlanarReconstructionMPROb_Ax_IS_Average_sp30_th,anat,PDT306,
MultiPlanarReconstructionMPROb_Ax_SI_Average_sp062_th,anat,PDT307,
MultiPlanarReconstructionMPROb_Ax_SI_Average_sp086_th,anat,PDT308,
MultiPlanarReconstructionMPROb_Ax_SI_Average_sp09_th,anat,PDT309,
MultiPlanarReconstructionMPROb_Ax_SI_Average_sp094_th,anat,PDT310,
MultiPlanarReconstructionMPROb_Ax_SI_Average_sp12_th,anat,PDT311,
MultiPlanarReconstructionMPROb_Ax_SI_Average_sp30_th,anat,PDT312,
MultiPlanarReconstructionMPROb_Cor_AP_Average_sp062_t,anat,PDT313,
MultiPlanarReconstructionMPROb_Cor_AP_Average_sp086_t,anat,PDT314,
MultiPlanarReconstructionMPROb_Cor_AP_Average_sp09_th,anat,PDT315,
MultiPlanarReconstructionMPROb_Cor_AP_Average_sp094_t,anat,PDT316,
MultiPlanarReconstructionMPROb_Cor_AP_Average_sp12_th,anat,PDT317,
MultiPlanarReconstructionMPROb_Cor_AP_Average_sp30_th,anat,PDT318,
MultiPlanarReconstructionMPROb_Cor_AP_Average_sp30_th,anat,PDT319,
MultiPlanarReconstructionMPROb_Sag_RL_Average_sp062_t,anat,PDT320,
MultiPlanarReconstructionMPROb_Sag_RL_Average_sp10_th,anat,PDT321,
MultiPlanarReconstructionMPROb_Sag_RL_Average_sp20_th,anat,PDT322,
NAVEGADOR3d,anat,PDT323,
NAVEGADOR3dBRAVO,anat,PDT324,
NAVEGADORaxial,anat,PDT325,
NAVEGADORBRAVOCEREBRALGD,anat,PDT326,
NAVEGADORBRAVOgd,anat,PDT327,
NAVEGADORradiocirugia,anat,PDT328,
NEURON1mm,anat,PDT329,
NEURONAVEGADOR,anat,PDT330,
NEURONAVSENSE,anat,PDT331,
OAxdynEPISEEPI,anat,PDT332,
OAxT13DfSPGRIRprep,anat,PDT333,
Ob_Cor_AP_Average_sp30_th30,anat,PDT334,
Ob_Sag_RL_Average_sp30_th30,anat,PDT335,
OblT13DFATC,anat,PDT336,
PERFUSION,perfusion,PDT337,
PERFUSIONCEREBRALCTE,perfusion,PDT338,
PERFUSIONCEREBRALPRUEBA,perfusion,PDT339,
PERFUSIONGD,perfusion,PDT340,
PERFUSIONGRE,perfusion,PDT341,
PERFUSIONGREC,perfusion,PDT342,
Ph1ANGIOTSATRACKER,anat,PDT343,
Ph1AX3DFSPGRFAME,anat,PDT344,
Ph1AXIALLAVAMultiphase,anat,PDT345,
Ph1CorceMRAFTAST,anat,PDT346,
Ph2ANGIOTSATRACKER,anat,PDT347,
Ph2AX3DFSPGRFAME,anat,PDT348,
Ph2AXIALLAVAMultiphase,anat,PDT349,
Ph2AxLAVAXV,anat,PDT350,
Ph2CorceMRAFTelliptic,anat,PDT351,
Ph3AX3DFSPGRFAME,anat,PDT352,
Ph3AXIALLAVAMultiphase,anat,PDT353,
Ph3AxLAVAXV,anat,PDT354,
Ph4AXIALLAVAMultiphase,anat,PDT355,
Ph5AXIALLAVAMultiphase,anat,PDT356,
Ph6AXIALLAVAMultiphase,anat,PDT357,
PruebaAx3DSWAN,anat,PDT358,
PUSPGR,anat,PDT359,
refaxialFLAIR,anat,PDT360,
RegDIFUSIONSENSE,dwi,PDT361,
RegDIFUSIONSENSE,dwi,PDT362,
s3D_PCA_SAG,anat,PDT363,
s3DDYMAV15MLCONTRASTE,anat,PDT364,
s3DI_MC_HRSENSE,anat,PDT365,
s3DPCACOR5ml,anat,PDT366,
SAG,anat,PDT367,
SAG,anat,PDT368,
SAG3D,anat,PDT369,
Sag3DCubeFLAIR,anat,PDT370,
SAG3DFASEARTERIAL,anat,PDT371,
SAG3DFASEVENOSA,anat,PDT372,
SAG3DFIESTAC,anat,PDT373,
SAG3DFSPGRT1,anat,PDT374,
SAG3DFSPGRT1NUEVO,anat,PDT375,
sag3dt1,anat,PDT376,
SAG3DT1CTE,anat,PDT377,
sag3DT1FastSPGR,anat,PDT378,
Sag3DT2FLAIRCubeFS,anat,PDT379,
SAG3DVACIO,anat,PDT380,
SagCUBEflairPRUEBA,anat,PDT381,
SagCUBEflairPRUEBAFS,anat,PDT382,
SagCUBET1C,anat,PDT383,
SagCUBET1FS,anat,PDT384,
SagCUBET1GD,anat,PDT385,
SAGCubeT2,anat,PDT386,
SagCUBET2,anat,PDT387,
SAGFIESTA3DCERVDORS,anat,PDT388,
SAGFIESTA3DDORSLUMB,anat,PDT389,
SAGFIESTAMIELO,anat,PDT390,
SagFLAIRCUBE,anat,PDT391,
SAGFLAIRCUBET2,anat,PDT392,
SagFlowVisualization,anat,PDT393,
SAGFSPGR3D,anat,PDT394,
SAGFSPGR3DC,anat,PDT395,
SAGFSPGR3DVENOSO,anat,PDT396,
SAGGR3DT1C,anat,PDT397,
SAGGR3DT1cte,anat,PDT398,
SAGGR3DT1gd,anat,PDT399,
SagInHance3Dvenc20,anat,PDT400,
SAGITAL3DT18CH,anat,PDT401,
SAGITAL3DT18CH,anat,PDT402,
SAGITAL3DT1c,anat,PDT403,
SAGITAL3DT1HEAD,anat,PDT404,
SAGITAL3DT1HEAD_FIL,anat,PDT405,
SAGITAL3DT1IPAT_FIL_1,anat,PDT406,
SAGITAL3DT1IR,anat,PDT407,
SAGITAL3DVENOSOCEREBRALGD_TT10s,anat,PDT408,
SAGITALFIESTAC,anat,PDT409,
SAGITALFLAIR,anat,PDT410,
SAGITALREF,anat,PDT411,
SAGITALSW,anat,PDT412,
SAGITALT1,anat,PDT413,
SAGITALVENOSOCABEZA,anat,PDT414,
SAGITALVENOSOCABEZAGD,anat,PDT415,
SAGITALVENOSOCABEZAGD_SUB,anat,PDT416,
SAGREF2mm,anat,PDT417,
SAGREF2mm,anat,PDT418,
SAGT1RAGE,anat,PDT419,
SagT2FLAIRCube3D,anat,PDT420,
sDWSSh,anat,PDT421,
SmartBrain,anat,PDT422,
SmartBrain,anat,PDT423,
spc_CORONALOBLICUO_IR,anat,PDT424,
sRESTA,anat,PDT425,
sT1W_3D_FFE,anat,PDT426,
sT1W_3D_TFE_32chSHC,anat,PDT427,
SUB_S13S12_1,anat,PDT428,
SUB_S14S13_1,anat,PDT429,
SUB_S16S13_1,anat,PDT430,
SUB_S17S13_1,anat,PDT431,
SUB_S18S16_1,anat,PDT432,
SUB_S19S16_1,anat,PDT433,
SUB_S25S18_1,anat,PDT434,
SUB_S29S23_1VENOSO,anat,PDT435,
t1_mprage_AXI_p2_iso_10,anat,PDT436,
t1_mprage_COR_p2_iso_10,anat,PDT437,
t1_mprage_sag_p2_iso_10,anat,PDT438,
t1_mprage_sag_p2_iso_10CTE,anat,PDT439,
T13DTFEVOL,anat,PDT440,
t1FS_vibe_SAGGD,anat,PDT441,
t1FS_vibe_tra_,anat,PDT442,
t1FS_vibe_tra_2mmGD,anat,PDT443,
t1FS_vibe_tra_CTE,anat,PDT444,
T1W_IR_ISO,anat,PDT445,
t2_spc_dafl_sag_flair,anat,PDT446,
t2_spc_dafl_sag_p2_isoMod,anat,PDT447,
t2_spc_sag,anat,PDT448,
t2_spc_tra_p2_iso_05,anat,PDT449,
TENSOR,anat,PDT450,
TOF,anat,PDT451,
TOF3DPOLIGONO,anat,PDT452,
TransversalT1,anat,PDT453,
unknown,anat,PDT454,
VASCANEURISMA2FASE,anat,PDT455,
VASCANEURISMALOS30SEG,anat,PDT456,
VASCAXANEURISMAART,anat,PDT457,
VASCAXANEURISMAMASCARA,anat,PDT458,
VASCSENOSCTE,anat,PDT459,
VASCSENOVENOSO,anat,PDT460,
VENOSLLIBRE,anat,PDT461,
VENOSOFL3D_TT10s,anat,PDT462,
VENOSOFL3D_TT10s_SUB,anat,PDT463,
VT1W_3D_TFESENSE,anat,PDT464,
VVSAGTRIDT1CLEAR,anat,PDT465,
WATERSAGLAVADINAMICO,anat,PDT466,
WILLIS,anat,PDT467,
WILLISHR,anat,PDT468,
